{
  "model_version": "kmeans_k4_20260316",
  "training_date": "20260316",
  "n_training_obs": 377419,
  "inertia_reference": 4965874.493040086,
  "inertia_alert_threshold": 5710755.666996098,
  "silhouette_reference": 0.2558,
  "silhouette_alert_threshold": 0.2,
  "cluster_distribution": {
    "0": {
      "n": 78143,
      "pct": 20.7,
      "name": "Active High-Capacity Debtors"
    },
    "1": {
      "n": 213444,
      "pct": 56.55,
      "name": "Small Low-Engagement Debtors"
    },
    "2": {
      "n": 42054,
      "pct": 11.14,
      "name": "Legacy Debt Debtors"
    },
    "3": {
      "n": 43778,
      "pct": 11.6,
      "name": "Financially Stressed Active Debtors"
    }
  },
  "distribution_alert_pct": 5.0,
  "key_variable_stats": {
    "da_total_debt_value": {
      "global": {
        "p10": 1200.748,
        "p25": 1627.34,
        "p50": 3499.91,
        "p75": 13582.779999999999,
        "p90": 60689.49000000001
      },
      "c0": {
        "p50": 23144.99,
        "p75": 64490.425
      },
      "c1": {
        "p50": 2193.425,
        "p75": 4274.264999999999
      },
      "c2": {
        "p50": 3116.3500000000004,
        "p75": 6651.58
      },
      "c3": {
        "p50": 16352.494999999999,
        "p75": 56886.31
      }
    },
    "ap_payment_capacity_value": {
      "global": {
        "p10": 46.599500000000006,
        "p25": 7539.6855000000005,
        "p50": 38555.0,
        "p75": 180962.1065,
        "p90": 688907.7540000001
      },
      "c0": {
        "p50": 411820.4475000001,
        "p75": 1076769.8985000001
      },
      "c1": {
        "p50": 22474.81875,
        "p75": 70993.126625
      },
      "c2": {
        "p50": 10947.166000000001,
        "p75": 60130.522750000004
      },
      "c3": {
        "p50": 30966.870250000007,
        "p75": 119075.443125
      }
    },
    "pc_total_payment_2025_value": {
      "global": {
        "p10": 0.0,
        "p25": 0.0,
        "p50": 1354.75,
        "p75": 15424.18,
        "p90": 67947.39400000003
      },
      "c0": {
        "p50": 41372.51,
        "p75": 117543.79000000001
      },
      "c1": {
        "p50": 500.425,
        "p75": 6906.2125
      },
      "c2": {
        "p50": 0.0,
        "p75": 181.2525
      },
      "c3": {
        "p50": 2084.455,
        "p75": 9487.0825
      }
    },
    "ap_debt_to_revenue_ratio": {
      "global": {
        "p10": 0.0038,
        "p25": 0.0105,
        "p50": 0.0334,
        "p75": 0.0972,
        "p90": 0.2215
      },
      "c0": {
        "p50": 0.0206,
        "p75": 0.0591
      },
      "c1": {
        "p50": 0.0222,
        "p75": 0.0473
      },
      "c2": {
        "p50": 0.0387,
        "p75": 0.0984
      },
      "c3": {
        "p50": 0.2272,
        "p75": 0.4045
      }
    },
    "pc_payment_regularity_ratio": {
      "global": {
        "p10": 0.0476,
        "p25": 0.1667,
        "p50": 0.5,
        "p75": 1.0,
        "p90": 1.0
      },
      "c0": {
        "p50": 0.6,
        "p75": 1.0
      },
      "c1": {
        "p50": 0.5,
        "p75": 1.0
      },
      "c2": {
        "p50": 0.2766,
        "p75": 0.8
      },
      "c3": {
        "p50": 0.3125,
        "p75": 0.6667
      }
    }
  },
  "recommended_retrain_months": 6
}